Workbook

Sheet Consultant Matrix
A1: Procedure | B1: Candidate core risks | C1: Conditional / patient-specific risks | D1: Frequency / key evidence | E1: Main source(s) | F1: Consultant decision / action
A2: Bronchial artery embolisation (BAE) | B2: Chest discomfort and post-embolisation symptoms; technical failure or recurrent haemoptysis; Bronchial ischaemia/infarction; oesophageal ischaemia; Non-target embolisation causing spinal cord infarction/neurological deficit, stroke, myocardial or other systemic infarction; rare oesophago-bronchial fistula; Access bleeding/haematoma; arterial injury | C2: Contrast reaction/AKI and radiation exposure when relevant; sedation if used; Anatomy, spinal feeders, shunts, embolic particle size, emergency status | D2: No transferable universal rate; CIRSE describes major events as rare | E2: [1] Kettenbach et al. CIRSE Standards of Practice on Bronchial Artery Embolisation. 2022; DOI 10.1007/s00270-022-03127-w; PMID 35396612 | F2: Review candidate core and conditional risks; agree final departmental wording and inclusion. Evidence-review note: Use CIRSE 2022 as lead source; name target-organ consequences rather than listing non-target embolisation alone; chest drain not established as routine risk Verification before finalisation: Verify exact local technique and cite complication passage/page
A3: Carotid artery angioplasty and stenting (CAS) | B3: Access-site bruising/bleeding; transient haemodynamic effects; TIA, stroke, distal embolisation; bradycardia/hypotension; Disabling/fatal stroke; hyperperfusion syndrome/intracranial haemorrhage; carotid dissection, perforation, rupture or acute occlusion; Bleeding/haematoma, pseudoaneurysm, arterial injury or occlusion | C3: Contrast reaction/AKI and radiation exposure; sedation if used; Symptomatic status, access route, anatomy, age, comorbidity, antiplatelet plan | D3: Rates differ by patient group and route; do not transfer CEA rates | E3: [2] CIRSE Standards of Practice on Carotid Artery Stenting. 2024; DOI 10.1007/s00270-024-03707-y; PMID 38683353 | F3: Review candidate core and conditional risks; agree final departmental wording and inclusion. Evidence-review note: Replace mismatched 2015/PMID citation with 2024 CIRSE CAS SOP; add hyperperfusion/intracranial bleed and acute occlusion; define route-dependent aortic/arch injury Verification before finalisation: Verify PMID 36894748 against original reference manager; it does not validate the stated citation
A4: Diagnostic angiography | B4: Access-site pain/bruising/haematoma; Arterial injury/dissection, thrombosis/occlusion, distal embolisation, pseudoaneurysm or AV fistula; Perforation/rupture; territory-specific ischaemic injury; stroke only if cerebral/supra-aortic catheterisation or relevant context; Bleeding/haematoma, pseudoaneurysm, AV fistula, arterial injury/occlusion | C4: Contrast reaction/AKI; radiation exposure; sedation if used; Vascular bed, sheath/access site, selective catheterisation, renal function and prior contrast reaction | D4: No single rate applies across access sites and territories | E4: [3] CIRSE Standards of Practice on Arterial Access for Interventions. 2023; PMID 36705706. [4] SIR diagnostic arteriography source, as cited in original, 2013; exact title/page not verified | F4: Review candidate core and conditional risks; agree final departmental wording and inclusion. Evidence-review note: Define target territory and access; separate stroke risk from general diagnostic angiography; add specific access events and conditional contrast risks Verification before finalisation: Recover exact SIR title, year, page and vascular-bed scope
A5: Endovascular aneurysm repair (EVAR) | B5: Access-site bruising/bleeding; possible technical failure or further treatment; Endoleak, endograft limb thrombosis/occlusion, migration/kinking, renal or limb ischaemia; Aneurysm enlargement/rupture; graft infection/failure; bowel/pelvic/spinal ischaemia; conversion, reintervention or death; Iliac/femoral injury, dissection, rupture, bleeding or limb ischaemia | C5: Contrast reaction/AKI and radiation exposure; Aneurysm anatomy, device/landing zones, complex repair, access vessels, coverage and patient risk | D5: No single rate transferable between standard and complex EVAR; [6] covers endoleak management only | E5: [5] SIR/CIRSE/CIRA. Clinical Practice Guidelines for Endovascular Abdominal Aortic Aneurysm Repair. 2010; primary PDF [6] CIRSE Standards of Practice on Management of Endoleaks Following EVAR. 2024; DOI 10.1007/s00270-023-03629-1; PMID 38216742 | F5: Review candidate core and conditional risks; agree final departmental wording and inclusion. Evidence-review note: Retain distinct endoleak, migration and limb occlusion; add limb/renal/visceral consequences; use 2024 CIRSE source only for endoleak component Verification before finalisation: Confirm BSIR leaflet version/date and current local aortic standard
A6: Gastrointestinal bleeding embolisation | B6: Persistent/recurrent bleeding; access bruising/bleeding; Repeat embolisation, endoscopy or surgery; bowel ischaemia; Bowel infarction/necrosis, perforation or later stricture due to non-target or extensive embolisation; Arterial access bleeding/haematoma; vessel injury | C6: Contrast reaction/AKI; radiation exposure; Bowel territory, collateral supply, prior surgery/radiotherapy and embolic technique | D6: No universal rate; depends on territory, collateralisation and case mix | E6: [7] Society of Interventional Radiology Quality Improvement Standards for Percutaneous Transcatheter Embolization. 2021; PMID 33640083. [8] Sacks et al. Quality improvement guidelines for transcatheter embolization for acute gastrointestinal nonvariceal hemorrhage. 2012; PMID 23150119 | F6: Review candidate core and conditional risks; agree final departmental wording and inclusion. Evidence-review note: Use 2021 general SIR and 2012 GI-specific sources; keep bowel injury distinct from recurrent bleeding; document territory-specific risk Verification before finalisation: Verify exact pages in full source PDFs
A7: Pelvic congestion / pelvic vein embolisation | B7: Pelvic/back pain or post-procedure thrombophlebitic symptoms; persistent/recurrent symptoms; Venous injury/perforation; non-target embolisation; repeat treatment; Coil/plug/liquid-agent migration, potentially pulmonary; severe non-target embolisation; Venous access bleeding/haematoma | C7: Contrast reaction/AKI and radiation; sedation if used; Access route, embolic material/device, anatomy, pregnancy/fertility context | D7: No transferable incidence verified from a procedure-specific technical standard | E7: [9] BSIR. Pelvic Congestion Syndrome and Pelvic Vein Embolisation patient information. Current webpage, accessed 2 Oct 2026; procedure-specific technical standard still to confirm | F7: Review candidate core and conditional risks; agree final departmental wording and inclusion. Evidence-review note: Remove unrelated injury terms unless source supports them; use venous access, embolic material migration, venous injury and recurrence concepts Verification before finalisation: Consult procedure-performing colleagues for exact devices and local practice
A8: Percutaneous gastrostomy insertion | B8: Pain; peristomal infection; tube leak/dislodgement/blockage; Bleeding; aspiration; bowel/adjacent-organ injury or peritonitis; Sepsis or necrotising fasciitis (rare, serious); failure/abandonment if unsafe; Puncture-site bleeding | C8: Sedation/anaesthesia; contrast and fluoroscopy where relevant; Ascites, altered anatomy, prior surgery, airway/aspiration risk | D8: No universal rate applied | E8: [11] Ryan et al. CIRSE/SIR multidisciplinary practical guidelines for gastrointestinal access for enteral nutrition and decompression. 2011; primary PDF | F8: Review candidate core and conditional risks; agree final departmental wording and inclusion. Evidence-review note: Separate bleeding, peritonitis, infection and rare necrotising fasciitis; add organ injury, leak, tube malposition and failure Verification before finalisation: Check a newer authoritative enteral-access source before final standard
A9: Transjugular liver biopsy (TJLB) | B9: Neck discomfort; inadequate sample/repeat biopsy; Neck bleeding/haematoma; arrhythmia; capsular perforation or intra-abdominal bleeding; Haemobilia/biliary injury; severe bleeding; Neck puncture bleeding/haematoma; inadvertent arterial puncture | C9: Contrast/radiation as relevant; sedation if used; Liver disease severity, coagulopathy, route and biopsy indication | D9: Rates vary with patient severity, definitions and route | E9: [12] Neuberger et al. Guidelines on the use of liver biopsy in clinical practice from BSG, RCR and RCPath. 2020; DOI 10.1136/gutjnl-2020-321299; PMID 32467090 | F9: Review candidate core and conditional risks; agree final departmental wording and inclusion. Evidence-review note: Replace generic organ injury with capsular perforation/bleeding, biliary injury and arrhythmia; remove tumour seeding from routine TJLB list without route-specific support Verification before finalisation: Use exact TJLB section and tables in joint guideline
A10: Peripheral arterial angioplasty +/- stenting | B10: Access-site bruising/bleeding; restenosis or recurrent symptoms; Dissection; distal embolisation; vessel perforation/rupture; acute thrombosis/occlusion; Acute limb ischaemia, limb loss, reintervention; Access bleeding/haematoma, pseudoaneurysm, AV fistula, arterial injury | C10: Contrast reaction/AKI; radiation; device-specific risk as applicable; Arterial territory, CLTI vs claudication, access, DCB/stent type, runoff | D10: For femoropopliteal procedures only: weighted vessel complication mean 4.3% (range 2.4–6.3%) after balloon angioplasty and 7.3% (0–17%) after stenting in cited 2014 SOP; heterogeneous historical data | E10: [13] Katsanos et al. Standards of Practice for Superficial Femoral and Popliteal Artery Angioplasty and Stenting. CIRSE. 2014 | F10: Review candidate core and conditional risks; agree final departmental wording and inclusion. Evidence-review note: Merge duplicate haematoma; merge rupture wording; retain distinct dissection, embolisation and occlusion; add limb ischaemia/loss and recurrence Verification before finalisation: Confirm treated vascular bed and device before applying any rates
A11: Portal vein embolisation (PVE) | B11: Access/transhepatic pain; failure to achieve planned hypertrophy; Portal vein thrombosis/extension; infection, cholangitis, abscess or sepsis; Non-target embolisation; liver failure after subsequent surgery; unable to proceed to hepatectomy; Transhepatic puncture bleeding | C11: Contrast reaction/AKI; radiation exposure; PVE vs LVD/double-vein technique, embolic agent, liver status and surgical plan | D11: A systematic review cited in 2024 SOP reported 0.4% not proceeding to planned hepatectomy due to major complications; this is not a direct PVE complication rate | E11: [14] Bilhim et al. CIRSE Standards of Practice on Portal Vein Embolization and Double Vein Embolization/Liver Venous Deprivation. 2024; DOI 10.1007/s00270-024-03743-8; PMID 38884781 | F11: Review candidate core and conditional risks; agree final departmental wording and inclusion. Evidence-review note: Add source and infection/abscess/cholangitis, failure of hypertrophy, surgical dropout; separate downstream surgical outcomes Verification before finalisation: Verify exact complication paragraph and distinguish PVE from LVD
A12: Prostatic artery embolisation (PAE) | B12: Transient dysuria, frequency/urgency, haematuria, rectal bleeding or post-embolisation symptoms; UTI/retention; persistent LUTS or treatment failure; repeat intervention; Non-target pelvic ischaemia causing bladder, rectal or penile injury/ulceration/necrosis; sexual dysfunction where material; Arterial access bleeding/haematoma; arterial injury | C12: Contrast reaction/AKI; radiation exposure; Prostatic arterial anatomy, embolic agent, non-target collateral supply, patient priorities | D12: Rates vary by definition and technique; no universal rate supplied | E12: [15] SIR Quality Improvement Guidelines for Prostatic Artery Embolization. 2020; exact final record/page requires verification. [16] Cornelis et al. CIRSE Standards of Practice on Prostatic Artery Embolisation. 2020 (online 2019); DOI 10.1007/s00270-019-02379-3; PMID 31792588 | F12: Review candidate core and conditional risks; agree final departmental wording and inclusion. Evidence-review note: Remove premature menopause and intramuscular bleeding; catheter insertion is process/aftercare; include specific non-target-organ harms and failure/recurrence Verification before finalisation: Confirm exact SIR source record and local technique
... A21: Venous stenting | B21: Access bruising/bleeding; persistent/recurrent symptoms; Venous perforation/rupture; acute or in-stent thrombosis/occlusion; stent compression/fracture where relevant; Stent migration; serious thromboembolic event; reintervention; Venous access bleeding/haematoma | C21: Contrast reaction/AKI and radiation; antithrombotic-associated bleeding if prescribed; Iliocaval vs other venous bed, acute DVT vs chronic obstruction, thrombectomy, stent design and anticoagulation | D21: No universal rate; 2024 serious-event series is not a generic incidence estimate | E21: [29] Mahnken et al. CIRSE Standards of Practice Guidelines on Iliocaval Stenting. 2014; DOI 10.1007/s00270-014-0875-4; PMID 24633533. [30] Major Complications of Deep Venous Stenting. 2024; PMID 39214918 | F21: Review candidate core and conditional risks; agree final departmental wording and inclusion. Evidence-review note: Specify target venous bed; use 2014 CIRSE only for iliocaval obstruction; PE is conditional on thrombotic/embolic context Verification before finalisation: Review local stent indications, devices and antithrombotic regimen

Sheet Delphi Method
A1: Modified Delphi process for IR consent standardisation
A2: Element | B2: Method
A3: Purpose | B3: To convert the evidence-derived candidate risk matrix into a consultant-owned departmental core consent standard.
A4: Unit of voting | B4: Each candidate risk is scored separately. Risks have been atomised so consultants can agree or disagree with individual items.
A5: Scoring | B5: 1 = definitely exclude; 2 = probably exclude; 3 = uncertain; 4 = probably include; 5 = definitely include.
A6: Consensus for inclusion | B6: Suggested rule: ≥80% of responding consultants score 4 or 5.
A7: Consensus for exclusion | B7: Suggested rule: ≥80% of responding consultants score 1 or 2.
A8: No consensus | B8: Any item not meeting either threshold proceeds to Round 2.
A9: Round 2 | B9: Consultants review unresolved items with anonymised Round 1 group results and rescore.
A10: Additional questions | B10: Consultants can indicate whether a routine frequency statement should be used and can suggest wording changes or missing risks.
A11: Final output | B11: Agreed departmental core risk set, plus conditional/patient-specific risks retained for individualised consent.

Sheet Delphi Round 1
A1: Procedure | B1: Candidate risk | C1: Risk type | D1: Frequency / evidence note | E1: Main source(s) | F1: Consultant 1 | G1: Consultant 2 | H1: Consultant 3 | I1: Consultant 4 | J1: Consultant 5 | K1: Consultant 6 | L1: Consultant 7 | M1: Consultant 8 | N1: Responses | O1: % score 4–5 | P1: % score 1–2 | Q1: Median score | R1: Consensus status | S1: Routine frequency statement? | T1: Suggested wording / comments
A2: Bronchial artery embolisation (BAE) | B2: Chest discomfort and post-embolisation symptoms | C2: Core candidate | D2: No transferable universal rate; CIRSE describes major events as rare | E2: [1] Kettenbach et al. CIRSE Standards of Practice on Bronchial Artery Embolisation. 2022; DOI 10.1007/s00270-022-03127-w; PMID 35396612 | N2: =COUNT(F2:M2) | O2: =IF(N2=0,"",COUNTIF(F2:M2,">=4")/N2) | P2: =IF(N2=0,"",COUNTIF(F2:M2,"<=2")/N2) | Q2: =IF(N2=0,"",MEDIAN(F2:M2)) | R2: =IF(N2=0,"Not scored",IF(O2>=0.8,"Include",IF(P2>=0.8,"Exclude","Round 2")))
A3: Bronchial artery embolisation (BAE) | B3: technical failure or recurrent haemoptysis | C3: Core candidate | D3: No transferable universal rate; CIRSE describes major events as rare | E3: [1] Kettenbach et al. CIRSE Standards of Practice on Bronchial Artery Embolisation. 2022; DOI 10.1007/s00270-022-03127-w; PMID 35396612 | N3: =COUNT(F3:M3) | O3: =IF(N3=0,"",COUNTIF(F3:M3,">=4")/N3) | P3: =IF(N3=0,"",COUNTIF(F3:M3,"<=2")/N3) | Q3: =IF(N3=0,"",MEDIAN(F3:M3)) | R3: =IF(N3=0,"Not scored",IF(O3>=0.8,"Include",IF(P3>=0.8,"Exclude","Round 2")))
A4: Bronchial artery embolisation (BAE) | B4: Bronchial ischaemia/infarction | C4: Core candidate | D4: No transferable universal rate; CIRSE describes major events as rare | E4: [1] Kettenbach et al. CIRSE Standards of Practice on Bronchial Artery Embolisation. 2022; DOI 10.1007/s00270-022-03127-w; PMID 35396612 | N4: =COUNT(F4:M4) | O4: =IF(N4=0,"",COUNTIF(F4:M4,">=4")/N4) | P4: =IF(N4=0,"",COUNTIF(F4:M4,"<=2")/N4) | Q4: =IF(N4=0,"",MEDIAN(F4:M4)) | R4: =IF(N4=0,"Not scored",IF(O4>=0.8,"Include",IF(P4>=0.8,"Exclude","Round 2")))
A5: Bronchial artery embolisation (BAE) | B5: oesophageal ischaemia | C5: Core candidate | D5: No transferable universal rate; CIRSE describes major events as rare | E5: [1] Kettenbach et al. CIRSE Standards of Practice on Bronchial Artery Embolisation. 2022; DOI 10.1007/s00270-022-03127-w; PMID 35396612 | N5: =COUNT(F5:M5) | O5: =IF(N5=0,"",COUNTIF(F5:M5,">=4")/N5) | P5: =IF(N5=0,"",COUNTIF(F5:M5,"<=2")/N5) | Q5: =IF(N5=0,"",MEDIAN(F5:M5)) | R5: =IF(N5=0,"Not scored",IF(O5>=0.8,"Include",IF(P5>=0.8,"Exclude","Round 2")))
A6: Bronchial artery embolisation (BAE) | B6: Non-target embolisation causing spinal cord infarction/neurological deficit, stroke, myocardial or other systemic infarction | C6: Core candidate | D6: No transferable universal rate; CIRSE describes major events as rare | E6: [1] Kettenbach et al. CIRSE Standards of Practice on Bronchial Artery Embolisation. 2022; DOI 10.1007/s00270-022-03127-w; PMID 35396612 | N6: =COUNT(F6:M6) | O6: =IF(N6=0,"",COUNTIF(F6:M6,">=4")/N6) | P6: =IF(N6=0,"",COUNTIF(F6:M6,"<=2")/N6) | Q6: =IF(N6=0,"",MEDIAN(F6:M6)) | R6: =IF(N6=0,"Not scored",IF(O6>=0.8,"Include",IF(P6>=0.8,"Exclude","Round 2")))
A7: Bronchial artery embolisation (BAE) | B7: rare oesophago-bronchial fistula | C7: Core candidate | D7: No transferable universal rate; CIRSE describes major events as rare | E7: [1] Kettenbach et al. CIRSE Standards of Practice on Bronchial Artery Embolisation. 2022; DOI 10.1007/s00270-022-03127-w; PMID 35396612 | N7: =COUNT(F7:M7) | O7: =IF(N7=0,"",COUNTIF(F7:M7,">=4")/N7) | P7: =IF(N7=0,"",COUNTIF(F7:M7,"<=2")/N7) | Q7: =IF(N7=0,"",MEDIAN(F7:M7)) | R7: =IF(N7=0,"Not scored",IF(O7>=0.8,"Include",IF(P7>=0.8,"Exclude","Round 2")))
A8: Bronchial artery embolisation (BAE) | B8: Access bleeding/haematoma | C8: Core candidate | D8: No transferable universal rate; CIRSE describes major events as rare | E8: [1] Kettenbach et al. CIRSE Standards of Practice on Bronchial Artery Embolisation. 2022; DOI 10.1007/s00270-022-03127-w; PMID 35396612 | N8: =COUNT(F8:M8) | O8: =IF(N8=0,"",COUNTIF(F8:M8,">=4")/N8) | P8: =IF(N8=0,"",COUNTIF(F8:M8,"<=2")/N8) | Q8: =IF(N8=0,"",MEDIAN(F8:M8)) | R8: =IF(N8=0,"Not scored",IF(O8>=0.8,"Include",IF(P8>=0.8,"Exclude","Round 2")))
A9: Bronchial artery embolisation (BAE) | B9: arterial injury | C9: Core candidate | D9: No transferable universal rate; CIRSE describes major events as rare | E9: [1] Kettenbach et al. CIRSE Standards of Practice on Bronchial Artery Embolisation. 2022; DOI 10.1007/s00270-022-03127-w; PMID 35396612 | N9: =COUNT(F9:M9) | O9: =IF(N9=0,"",COUNTIF(F9:M9,">=4")/N9) | P9: =IF(N9=0,"",COUNTIF(F9:M9,"<=2")/N9) | Q9: =IF(N9=0,"",MEDIAN(F9:M9)) | R9: =IF(N9=0,"Not scored",IF(O9>=0.8,"Include",IF(P9>=0.8,"Exclude","Round 2")))
A10: Bronchial artery embolisation (BAE) | B10: Contrast reaction/AKI and radiation exposure when relevant | C10: Conditional / patient-specific | D10: No transferable universal rate; CIRSE describes major events as rare | E10: [1] Kettenbach et al. CIRSE Standards of Practice on Bronchial Artery Embolisation. 2022; DOI 10.1007/s00270-022-03127-w; PMID 35396612 | N10: =COUNT(F10:M10) | O10: =IF(N10=0,"",COUNTIF(F10:M10,">=4")/N10) | P10: =IF(N10=0,"",COUNTIF(F10:M10,"<=2")/N10) | Q10: =IF(N10=0,"",MEDIAN(F10:M10)) | R10: =IF(N10=0,"Not scored",IF(O10>=0.8,"Include",IF(P10>=0.8,"Exclude","Round 2")))
A11: Bronchial artery embolisation (BAE) | B11: sedation if used | C11: Conditional / patient-specific | D11: No transferable universal rate; CIRSE describes major events as rare | E11: [1] Kettenbach et al. CIRSE Standards of Practice on Bronchial Artery Embolisation. 2022; DOI 10.1007/s00270-022-03127-w; PMID 35396612 | N11: =COUNT(F11:M11) | O11: =IF(N11=0,"",COUNTIF(F11:M11,">=4")/N11) | P11: =IF(N11=0,"",COUNTIF(F11:M11,"<=2")/N11) | Q11: =IF(N11=0,"",MEDIAN(F11:M11)) | R11: =IF(N11=0,"Not scored",IF(O11>=0.8,"Include",IF(P11>=0.8,"Exclude","Round 2")))
A12: Bronchial artery embolisation (BAE) | B12: Anatomy, spinal feeders, shunts, embolic particle size, emergency status | C12: Conditional / patient-specific | D12: No transferable universal rate; CIRSE describes major events as rare | E12: [1] Kettenbach et al. CIRSE Standards of Practice on Bronchial Artery Embolisation. 2022; DOI 10.1007/s00270-022-03127-w; PMID 35396612 | N12: =COUNT(F12:M12) | O12: =IF(N12=0,"",COUNTIF(F12:M12,">=4")/N12) | P12: =IF(N12=0,"",COUNTIF(F12:M12,"<=2")/N12) | Q12: =IF(N12=0,"",MEDIAN(F12:M12)) | R12: =IF(N12=0,"Not scored",IF(O12>=0.8,"Include",IF(P12>=0.8,"Exclude","Round 2")))
A13: Carotid artery angioplasty and stenting (CAS) | B13: Access-site bruising/bleeding | C13: Core candidate | D13: Rates differ by patient group and route; do not transfer CEA rates | E13: [2] CIRSE Standards of Practice on Carotid Artery Stenting. 2024; DOI 10.1007/s00270-024-03707-y; PMID 38683353 | N13: =COUNT(F13:M13) | O13: =IF(N13=0,"",COUNTIF(F13:M13,">=4")/N13) | P13: =IF(N13=0,"",COUNTIF(F13:M13,"<=2")/N13) | Q13: =IF(N13=0,"",MEDIAN(F13:M13)) | R13: =IF(N13=0,"Not scored",IF(O13>=0.8,"Include",IF(P13>=0.8,"Exclude","Round 2")))
... A223: Venous stenting | B223: Iliocaval vs other venous bed, acute DVT vs chronic obstruction, thrombectomy, stent design and anticoagulation | C223: Conditional / patient-specific | D223: No universal rate; 2024 serious-event series is not a generic incidence estimate | E223: [29] Mahnken et al. CIRSE Standards of Practice Guidelines on Iliocaval Stenting. 2014; DOI 10.1007/s00270-014-0875-4; PMID 24633533. [30] Major Complications of Deep Venous Stenting. 2024; PMID 39214918 | N223: =COUNT(F223:M223) | O223: =IF(N223=0,"",COUNTIF(F223:M223,">=4")/N223) | P223: =IF(N223=0,"",COUNTIF(F223:M223,"<=2")/N223) | Q223: =IF(N223=0,"",MEDIAN(F223:M223)) | R223: =IF(N223=0,"Not scored",IF(O223>=0.8,"Include",IF(P223>=0.8,"Exclude","Round 2")))

Sheet Delphi Round 2
A1: Procedure | B1: Candidate risk | C1: Risk type | D1: Round 1 % 4–5 | E1: Round 1 % 1–2 | F1: Round 1 median | G1: Round 1 status | H1: Consultant 1 | I1: Consultant 2 | J1: Consultant 3 | K1: Consultant 4 | L1: Consultant 5 | M1: Consultant 6 | N1: Consultant 7 | O1: Consultant 8 | P1: Responses | Q1: % score 4–5 | R1: % score 1–2 | S1: Median score | T1: Final status | U1: Comments
A2: Bronchial artery embolisation (BAE) | B2: Chest discomfort and post-embolisation symptoms | C2: Core candidate | D2: ='Delphi Round 1'!O2 | E2: ='Delphi Round 1'!P2 | F2: ='Delphi Round 1'!Q2 | G2: ='Delphi Round 1'!R2 | P2: =COUNT(H2:O2) | Q2: =IF(P2=0,"",COUNTIF(H2:O2,">=4")/P2) | R2: =IF(P2=0,"",COUNTIF(H2:O2,"<=2")/P2) | S2: =IF(P2=0,"",MEDIAN(H2:O2)) | T2: =IF(G2<>"Round 2",G2,IF(P2=0,"Awaiting Round 2",IF(Q2>=0.8,"Include",IF(R2>=0.8,"Exclude","No consensus"))))
A3: Bronchial artery embolisation (BAE) | B3: technical failure or recurrent haemoptysis | C3: Core candidate | D3: ='Delphi Round 1'!O3 | E3: ='Delphi Round 1'!P3 | F3: ='Delphi Round 1'!Q3 | G3: ='Delphi Round 1'!R3 | P3: =COUNT(H3:O3) | Q3: =IF(P3=0,"",COUNTIF(H3:O3,">=4")/P3) | R3: =IF(P3=0,"",COUNTIF(H3:O3,"<=2")/P3) | S3: =IF(P3=0,"",MEDIAN(H3:O3)) | T3: =IF(G3<>"Round 2",G3,IF(P3=0,"Awaiting Round 2",IF(Q3>=0.8,"Include",IF(R3>=0.8,"Exclude","No consensus"))))
A4: Bronchial artery embolisation (BAE) | B4: Bronchial ischaemia/infarction | C4: Core candidate | D4: ='Delphi Round 1'!O4 | E4: ='Delphi Round 1'!P4 | F4: ='Delphi Round 1'!Q4 | G4: ='Delphi Round 1'!R4 | P4: =COUNT(H4:O4) | Q4: =IF(P4=0,"",COUNTIF(H4:O4,">=4")/P4) | R4: =IF(P4=0,"",COUNTIF(H4:O4,"<=2")/P4) | S4: =IF(P4=0,"",MEDIAN(H4:O4)) | T4: =IF(G4<>"Round 2",G4,IF(P4=0,"Awaiting Round 2",IF(Q4>=0.8,"Include",IF(R4>=0.8,"Exclude","No consensus"))))
A5: Bronchial artery embolisation (BAE) | B5: oesophageal ischaemia | C5: Core candidate | D5: ='Delphi Round 1'!O5 | E5: ='Delphi Round 1'!P5 | F5: ='Delphi Round 1'!Q5 | G5: ='Delphi Round 1'!R5 | P5: =COUNT(H5:O5) | Q5: =IF(P5=0,"",COUNTIF(H5:O5,">=4")/P5) | R5: =IF(P5=0,"",COUNTIF(H5:O5,"<=2")/P5) | S5: =IF(P5=0,"",MEDIAN(H5:O5)) | T5: =IF(G5<>"Round 2",G5,IF(P5=0,"Awaiting Round 2",IF(Q5>=0.8,"Include",IF(R5>=0.8,"Exclude","No consensus"))))
A6: Bronchial artery embolisation (BAE) | B6: Non-target embolisation causing spinal cord infarction/neurological deficit, stroke, myocardial or other systemic infarction | C6: Core candidate | D6: ='Delphi Round 1'!O6 | E6: ='Delphi Round 1'!P6 | F6: ='Delphi Round 1'!Q6 | G6: ='Delphi Round 1'!R6 | P6: =COUNT(H6:O6) | Q6: =IF(P6=0,"",COUNTIF(H6:O6,">=4")/P6) | R6: =IF(P6=0,"",COUNTIF(H6:O6,"<=2")/P6) | S6: =IF(P6=0,"",MEDIAN(H6:O6)) | T6: =IF(G6<>"Round 2",G6,IF(P6=0,"Awaiting Round 2",IF(Q6>=0.8,"Include",IF(R6>=0.8,"Exclude","No consensus"))))
A7: Bronchial artery embolisation (BAE) | B7: rare oesophago-bronchial fistula | C7: Core candidate | D7: ='Delphi Round 1'!O7 | E7: ='Delphi Round 1'!P7 | F7: ='Delphi Round 1'!Q7 | G7: ='Delphi Round 1'!R7 | P7: =COUNT(H7:O7) | Q7: =IF(P7=0,"",COUNTIF(H7:O7,">=4")/P7) | R7: =IF(P7=0,"",COUNTIF(H7:O7,"<=2")/P7) | S7: =IF(P7=0,"",MEDIAN(H7:O7)) | T7: =IF(G7<>"Round 2",G7,IF(P7=0,"Awaiting Round 2",IF(Q7>=0.8,"Include",IF(R7>=0.8,"Exclude","No consensus"))))
A8: Bronchial artery embolisation (BAE) | B8: Access bleeding/haematoma | C8: Core candidate | D8: ='Delphi Round 1'!O8 | E8: ='Delphi Round 1'!P8 | F8: ='Delphi Round 1'!Q8 | G8: ='Delphi Round 1'!R8 | P8: =COUNT(H8:O8) | Q8: =IF(P8=0,"",COUNTIF(H8:O8,">=4")/P8) | R8: =IF(P8=0,"",COUNTIF(H8:O8,"<=2")/P8) | S8: =IF(P8=0,"",MEDIAN(H8:O8)) | T8: =IF(G8<>"Round 2",G8,IF(P8=0,"Awaiting Round 2",IF(Q8>=0.8,"Include",IF(R8>=0.8,"Exclude","No consensus"))))
A9: Bronchial artery embolisation (BAE) | B9: arterial injury | C9: Core candidate | D9: ='Delphi Round 1'!O9 | E9: ='Delphi Round 1'!P9 | F9: ='Delphi Round 1'!Q9 | G9: ='Delphi Round 1'!R9 | P9: =COUNT(H9:O9) | Q9: =IF(P9=0,"",COUNTIF(H9:O9,">=4")/P9) | R9: =IF(P9=0,"",COUNTIF(H9:O9,"<=2")/P9) | S9: =IF(P9=0,"",MEDIAN(H9:O9)) | T9: =IF(G9<>"Round 2",G9,IF(P9=0,"Awaiting Round 2",IF(Q9>=0.8,"Include",IF(R9>=0.8,"Exclude","No consensus"))))
A10: Bronchial artery embolisation (BAE) | B10: Contrast reaction/AKI and radiation exposure when relevant | C10: Conditional / patient-specific | D10: ='Delphi Round 1'!O10 | E10: ='Delphi Round 1'!P10 | F10: ='Delphi Round 1'!Q10 | G10: ='Delphi Round 1'!R10 | P10: =COUNT(H10:O10) | Q10: =IF(P10=0,"",COUNTIF(H10:O10,">=4")/P10) | R10: =IF(P10=0,"",COUNTIF(H10:O10,"<=2")/P10) | S10: =IF(P10=0,"",MEDIAN(H10:O10)) | T10: =IF(G10<>"Round 2",G10,IF(P10=0,"Awaiting Round 2",IF(Q10>=0.8,"Include",IF(R10>=0.8,"Exclude","No consensus"))))
A11: Bronchial artery embolisation (BAE) | B11: sedation if used | C11: Conditional / patient-specific | D11: ='Delphi Round 1'!O11 | E11: ='Delphi Round 1'!P11 | F11: ='Delphi Round 1'!Q11 | G11: ='Delphi Round 1'!R11 | P11: =COUNT(H11:O11) | Q11: =IF(P11=0,"",COUNTIF(H11:O11,">=4")/P11) | R11: =IF(P11=0,"",COUNTIF(H11:O11,"<=2")/P11) | S11: =IF(P11=0,"",MEDIAN(H11:O11)) | T11: =IF(G11<>"Round 2",G11,IF(P11=0,"Awaiting Round 2",IF(Q11>=0.8,"Include",IF(R11>=0.8,"Exclude","No consensus"))))
A12: Bronchial artery embolisation (BAE) | B12: Anatomy, spinal feeders, shunts, embolic particle size, emergency status | C12: Conditional / patient-specific | D12: ='Delphi Round 1'!O12 | E12: ='Delphi Round 1'!P12 | F12: ='Delphi Round 1'!Q12 | G12: ='Delphi Round 1'!R12 | P12: =COUNT(H12:O12) | Q12: =IF(P12=0,"",COUNTIF(H12:O12,">=4")/P12) | R12: =IF(P12=0,"",COUNTIF(H12:O12,"<=2")/P12) | S12: =IF(P12=0,"",MEDIAN(H12:O12)) | T12: =IF(G12<>"Round 2",G12,IF(P12=0,"Awaiting Round 2",IF(Q12>=0.8,"Include",IF(R12>=0.8,"Exclude","No consensus"))))
A13: Carotid artery angioplasty and stenting (CAS) | B13: Access-site bruising/bleeding | C13: Core candidate | D13: ='Delphi Round 1'!O13 | E13: ='Delphi Round 1'!P13 | F13: ='Delphi Round 1'!Q13 | G13: ='Delphi Round 1'!R13 | P13: =COUNT(H13:O13) | Q13: =IF(P13=0,"",COUNTIF(H13:O13,">=4")/P13) | R13: =IF(P13=0,"",COUNTIF(H13:O13,"<=2")/P13) | S13: =IF(P13=0,"",MEDIAN(H13:O13)) | T13: =IF(G13<>"Round 2",G13,IF(P13=0,"Awaiting Round 2",IF(Q13>=0.8,"Include",IF(R13>=0.8,"Exclude","No consensus"))))
... A223: Venous stenting | B223: Iliocaval vs other venous bed, acute DVT vs chronic obstruction, thrombectomy, stent design and anticoagulation | C223: Conditional / patient-specific | D223: ='Delphi Round 1'!O223 | E223: ='Delphi Round 1'!P223 | F223: ='Delphi Round 1'!Q223 | G223: ='Delphi Round 1'!R223 | P223: =COUNT(H223:O223) | Q223: =IF(P223=0,"",COUNTIF(H223:O223,">=4")/P223) | R223: =IF(P223=0,"",COUNTIF(H223:O223,"<=2")/P223) | S223: =IF(P223=0,"",MEDIAN(H223:O223)) | T223: =IF(G223<>"Round 2",G223,IF(P223=0,"Awaiting Round 2",IF(Q223>=0.8,"Include",IF(R223>=0.8,"Exclude","No consensus"))))

Sheet Consensus Summary
A1: Procedure | B1: Candidate risk | C1: Risk type | D1: Round 1 status | E1: Final status | F1: Routine frequency statement? | G1: Final wording / comments
A2: Bronchial artery embolisation (BAE) | B2: Chest discomfort and post-embolisation symptoms | C2: Core candidate | D2: ='Delphi Round 1'!R2 | E2: ='Delphi Round 2'!T2 | F2: ='Delphi Round 1'!S2 | G2: ='Delphi Round 2'!U2
A3: Bronchial artery embolisation (BAE) | B3: technical failure or recurrent haemoptysis | C3: Core candidate | D3: ='Delphi Round 1'!R3 | E3: ='Delphi Round 2'!T3 | F3: ='Delphi Round 1'!S3 | G3: ='Delphi Round 2'!U3
A4: Bronchial artery embolisation (BAE) | B4: Bronchial ischaemia/infarction | C4: Core candidate | D4: ='Delphi Round 1'!R4 | E4: ='Delphi Round 2'!T4 | F4: ='Delphi Round 1'!S4 | G4: ='Delphi Round 2'!U4
A5: Bronchial artery embolisation (BAE) | B5: oesophageal ischaemia | C5: Core candidate | D5: ='Delphi Round 1'!R5 | E5: ='Delphi Round 2'!T5 | F5: ='Delphi Round 1'!S5 | G5: ='Delphi Round 2'!U5
A6: Bronchial artery embolisation (BAE) | B6: Non-target embolisation causing spinal cord infarction/neurological deficit, stroke, myocardial or other systemic infarction | C6: Core candidate | D6: ='Delphi Round 1'!R6 | E6: ='Delphi Round 2'!T6 | F6: ='Delphi Round 1'!S6 | G6: ='Delphi Round 2'!U6
A7: Bronchial artery embolisation (BAE) | B7: rare oesophago-bronchial fistula | C7: Core candidate | D7: ='Delphi Round 1'!R7 | E7: ='Delphi Round 2'!T7 | F7: ='Delphi Round 1'!S7 | G7: ='Delphi Round 2'!U7
A8: Bronchial artery embolisation (BAE) | B8: Access bleeding/haematoma | C8: Core candidate | D8: ='Delphi Round 1'!R8 | E8: ='Delphi Round 2'!T8 | F8: ='Delphi Round 1'!S8 | G8: ='Delphi Round 2'!U8
A9: Bronchial artery embolisation (BAE) | B9: arterial injury | C9: Core candidate | D9: ='Delphi Round 1'!R9 | E9: ='Delphi Round 2'!T9 | F9: ='Delphi Round 1'!S9 | G9: ='Delphi Round 2'!U9
A10: Bronchial artery embolisation (BAE) | B10: Contrast reaction/AKI and radiation exposure when relevant | C10: Conditional / patient-specific | D10: ='Delphi Round 1'!R10 | E10: ='Delphi Round 2'!T10 | F10: ='Delphi Round 1'!S10 | G10: ='Delphi Round 2'!U10
A11: Bronchial artery embolisation (BAE) | B11: sedation if used | C11: Conditional / patient-specific | D11: ='Delphi Round 1'!R11 | E11: ='Delphi Round 2'!T11 | F11: ='Delphi Round 1'!S11 | G11: ='Delphi Round 2'!U11
A12: Bronchial artery embolisation (BAE) | B12: Anatomy, spinal feeders, shunts, embolic particle size, emergency status | C12: Conditional / patient-specific | D12: ='Delphi Round 1'!R12 | E12: ='Delphi Round 2'!T12 | F12: ='Delphi Round 1'!S12 | G12: ='Delphi Round 2'!U12
A13: Carotid artery angioplasty and stenting (CAS) | B13: Access-site bruising/bleeding | C13: Core candidate | D13: ='Delphi Round 1'!R13 | E13: ='Delphi Round 2'!T13 | F13: ='Delphi Round 1'!S13 | G13: ='Delphi Round 2'!U13
... A223: Venous stenting | B223: Iliocaval vs other venous bed, acute DVT vs chronic obstruction, thrombectomy, stent design and anticoagulation | C223: Conditional / patient-specific | D223: ='Delphi Round 1'!R223 | E223: ='Delphi Round 2'!T223 | F223: ='Delphi Round 1'!S223 | G223: ='Delphi Round 2'!U223

Sheet How this was derived
A1: How the consultant matrix was derived
A3: Stage | B3: What was done | C3: Purpose
A4: 1. Baseline audit | B4: Local IR consent documentation was reviewed against the reference risks used in the original audit. | C4: Identify variation and potential omissions; not to declare an absolute consent standard.
A5: 2. 2026 evidence update | B5: Each included IR procedure underwent an updated review of current professional guidance and other authoritative sources. | C5: Refresh the evidence base and identify procedure-specific risks relevant to contemporary practice.
A6: 3. Candidate risk synthesis | B6: Risks supported by the updated review were consolidated into a single candidate core-risk set for each procedure. Generic historical wording and duplicate legacy fields were removed from this working document. | C6: Create a concise evidence-derived candidate set suitable for expert review.
A7: 4. Conditional risks retained separately | B7: Risks that depend on patient factors, access route, contrast, radiation, sedation, anatomy or technique are retained separately rather than automatically treated as universal core risks. | C7: Avoid over-standardisation and preserve individualised, material-risk consent.
A8: 5. Evidence and frequency context | B8: Where transferable incidence information was available it is summarised; where no universal rate is defensible, that limitation is stated explicitly. | C8: Prevent misleading numerical risk estimates across heterogeneous patients and techniques.
A9: 6. Consultant consensus | B9: The matrix is intended for consultant review to determine the final departmental core risk set, wording and any routine frequency statements. | C9: Convert an evidence-derived candidate list into a clinically owned departmental standard.
A10: 7. Implementation and re-audit | B10: Following consensus, the agreed standard can be implemented in the local consent workflow and subsequently re-audited. | C10: Close the audit/QI loop and assess consistency after implementation.
A12: Key interpretation
A13: This matrix is deliberately not the final consent standard. It is an evidence-derived candidate set designed to support structured consultant consensus. The final departmental standard should reflect both the evidence base and expert agreement, while retaining scope for patient-specific material risks.

Sheet Source Notes
A1: Procedure | B1: Source scope / applicability | C1: Current source references | D1: Evidence-review note | E1: Verification before finalisation
A2: Bronchial artery embolisation (BAE) | B2: Procedure-specific embolisation standard | C2: [1] Kettenbach et al. CIRSE Standards of Practice on Bronchial Artery Embolisation. 2022; DOI 10.1007/s00270-022-03127-w; PMID 35396612 | D2: Use CIRSE 2022 as lead source; name target-organ consequences rather than listing non-target embolisation alone; chest drain not established as routine risk | E2: Verify exact local technique and cite complication passage/page
A3: Carotid artery angioplasty and stenting (CAS) | B3: Carotid-specific professional standard | C3: [2] CIRSE Standards of Practice on Carotid Artery Stenting. 2024; DOI 10.1007/s00270-024-03707-y; PMID 38683353 | D3: Replace mismatched 2015/PMID citation with 2024 CIRSE CAS SOP; add hyperperfusion/intracranial bleed and acute occlusion; define route-dependent aortic/arch injury | E3: Verify PMID 36894748 against original reference manager; it does not validate the stated citation
A4: Diagnostic angiography | B4: Risk depends on vascular territory and access route | C4: [3] CIRSE Standards of Practice on Arterial Access for Interventions. 2023; PMID 36705706. [4] SIR diagnostic arteriography source, as cited in original, 2013; exact title/page not verified | D4: Define target territory and access; separate stroke risk from general diagnostic angiography; add specific access events and conditional contrast risks | E4: Recover exact SIR title, year, page and vascular-bed scope
A5: Endovascular aneurysm repair (EVAR) | B5: Aortic endograft procedure; standard vs complex EVAR must be specified | C5: [5] SIR/CIRSE/CIRA. Clinical Practice Guidelines for Endovascular Abdominal Aortic Aneurysm Repair. 2010; primary PDF https://www.cirse.org/wp-content/uploads/2018/07/SOP_SIR_2010_Clinical-Practice-Guidelines-for-Endovascular-Abdominal-Aortic-Aneurysm-Repair.pdf. [6] CIRSE Standards of Practice on Management of Endoleaks Following EVAR. 2024; DOI 10.1007/s00270-023-03629-1; PMID 38216742 | D5: Retain distinct endoleak, migration and limb occlusion; add limb/renal/visceral consequences; use 2024 CIRSE source only for endoleak component | E5: Confirm BSIR leaflet version/date and current local aortic standard
A6: Gastrointestinal bleeding embolisation | B6: Territory-specific embolisation; distinguish upper/lower GI and collateral supply | C6: [7] Society of Interventional Radiology Quality Improvement Standards for Percutaneous Transcatheter Embolization. 2021; PMID 33640083. [8] Sacks et al. Quality improvement guidelines for transcatheter embolization for acute gastrointestinal nonvariceal hemorrhage. 2012; PMID 23150119 | D6: Use 2021 general SIR and 2012 GI-specific sources; keep bowel injury distinct from recurrent bleeding; document territory-specific risk | E6: Verify exact pages in full source PDFs
A7: Pelvic congestion / pelvic vein embolisation | B7: Venous embolisation; generic arterial embolisation guidance is not a direct standard | C7: [9] BSIR. Pelvic Congestion Syndrome and Pelvic Vein Embolisation patient information. Current webpage, accessed 2 Oct 2026; https://www.bsir.org/patients-1/patient-information-leaflets/adult-procedures/pelvic-congestion-syndrome-and-pelvic-vein-embolisation/; procedure-specific technical standard still to confirm | D7: Remove unrelated injury terms unless source supports them; use venous access, embolic material migration, venous injury and recurrence concepts | E7: Consult procedure-performing colleagues for exact devices and local practice
A8: Percutaneous gastrostomy insertion | B8: Non-vascular procedure retained from original scope | C8: [11] Ryan et al. CIRSE/SIR multidisciplinary practical guidelines for gastrointestinal access for enteral nutrition and decompression. 2011; primary PDF https://www.cirse.org/wp-content/uploads/2018/07/SOP_SIR_2011_Multi-disciplinary-Practical-Guidelines-for-Gastrointestinal-Access-for-Enteral-Nutrition-and-Decompression.pdf | D8: Separate bleeding, peritonitis, infection and rare necrotising fasciitis; add organ injury, leak, tube malposition and failure | E8: Check a newer authoritative enteral-access source before final standard
A9: Transjugular liver biopsy (TJLB) | B9: Use liver-biopsy guidance specific to transjugular route | C9: [12] Neuberger et al. Guidelines on the use of liver biopsy in clinical practice from BSG, RCR and RCPath. 2020; DOI 10.1136/gutjnl-2020-321299; PMID 32467090 | D9: Replace generic organ injury with capsular perforation/bleeding, biliary injury and arrhythmia; remove tumour seeding from routine TJLB list without route-specific support | E9: Use exact TJLB section and tables in joint guideline
A10: Peripheral arterial angioplasty +/- stenting | B10: CIRSE femoropopliteal rates apply only to that vascular bed | C10: [13] Katsanos et al. Standards of Practice for Superficial Femoral and Popliteal Artery Angioplasty and Stenting. CIRSE. 2014; https://www.cirse.org/wp-content/uploads/2018/11/2014_Superficial-Femoral-and-Popliteal-Artey-Stenting_Katsanos.pdf | D10: Merge duplicate haematoma; merge rupture wording; retain distinct dissection, embolisation and occlusion; add limb ischaemia/loss and recurrence | E10: Confirm treated vascular bed and device before applying any rates
A11: Portal vein embolisation (PVE) | B11: Distinct from subsequent hepatectomy; include HVE/LVD risks only if performed | C11: [14] Bilhim et al. CIRSE Standards of Practice on Portal Vein Embolization and Double Vein Embolization/Liver Venous Deprivation. 2024; DOI 10.1007/s00270-024-03743-8; PMID 38884781 | D11: Add source and infection/abscess/cholangitis, failure of hypertrophy, surgical dropout; separate downstream surgical outcomes | E11: Verify exact complication paragraph and distinguish PVE from LVD
A12: Prostatic artery embolisation (PAE) | B12: Procedure-specific PAE adverse events; differentiate expected symptoms from complications | C12: [15] SIR Quality Improvement Guidelines for Prostatic Artery Embolization. 2020; exact final record/page requires verification. [16] Cornelis et al. CIRSE Standards of Practice on Prostatic Artery Embolisation. 2020 (online 2019); DOI 10.1007/s00270-019-02379-3; PMID 31792588 | D12: Remove premature menopause and intramuscular bleeding; catheter insertion is process/aftercare; include specific non-target-organ harms and failure/recurrence | E12: Confirm exact SIR source record and local technique
... A21: Venous stenting | B21: Specify vascular bed and indication; iliocaval guideline not universal to all veins | C21: [29] Mahnken et al. CIRSE Standards of Practice Guidelines on Iliocaval Stenting. 2014; DOI 10.1007/s00270-014-0875-4; PMID 24633533. [30] Major Complications of Deep Venous Stenting. 2024; PMID 39214918 | D21: Specify target venous bed; use 2014 CIRSE only for iliocaval obstruction; PE is conditional on thrombotic/embolic context | E21: Review local stent indications, devices and antithrombotic regimen
